<?xml version="1.0" encoding="UTF-8"?>
<project-private xmlns="http://www.netbeans.org/ns/project-private/1">
    <editor-bookmarks xmlns="http://www.netbeans.org/ns/editor-bookmarks/2" lastBookmarkId="0"/>
    <open-files xmlns="http://www.netbeans.org/ns/projectui-open-files/2">
        <group>
            <file>file:/C:/Users/asus/Documents/NetBeansProjects/BookStore/src/Model/buku/InterfaceDAOBuku.java</file>
            <file>file:/C:/Users/asus/Documents/NetBeansProjects/BookStore/src/Model/buku/DAOBuku.java</file>
            <file>file:/C:/Users/asus/Documents/NetBeansProjects/BookStore/src/bookstore/BookStore.java</file>
            <file>file:/C:/Users/asus/Documents/NetBeansProjects/BookStore/src/Model/Connector.java</file>
            <file>file:/C:/Users/asus/Documents/NetBeansProjects/BookStore/src/View/Buku/InputData.java</file>
            <file>file:/C:/Users/asus/Documents/NetBeansProjects/BookStore/src/Model/buku/ModelBuku.java</file>
            <file>file:/C:/Users/asus/Documents/NetBeansProjects/BookStore/src/Model/buku/ModelTable.java</file>
            <file>file:/C:/Users/asus/Documents/NetBeansProjects/BookStore/src/View/Buku/ViewData.java</file>
            <file>file:/C:/Users/asus/Documents/NetBeansProjects/BookStore/src/Controller/ControllerBuku.java</file>
            <file>file:/C:/Users/asus/Documents/NetBeansProjects/BookStore/src/View/Buku/EditData.java</file>
        </group>
    </open-files>
</project-private>
